{"cameraMode":{"drawMode":0,"name":"Shaded","section":"Shading Mode"},"sceneLighting":false,"audioPlay":false,"sceneViewState":{"m_AlwaysRefresh":false,"showFog":true,"showSkybox":false,"showFlares":true,"showImageEffects":true,"showParticleSystems":true,"showVisualEffectGraphs":true,"m_FxEnabled":true},"in2DMode":false,"pivot":{"x":-8.283234596252442,"y":0.1063990369439125,"z":-26.858200073242189},"rotation":{"x":-0.004787962883710861,"y":-0.9951663613319397,"z":0.07808706164360047,"w":-0.060352031141519549},"size":59.04801940917969,"orthographic":false}